Metric,XOM,HD,^SPX,BZ=F,ZC=F
Return,3.8562107906351666,93.9938267166763,33.24647040250384,89.29961787378932,-9.786263137635592
Return (p.a.),1.2794445841801227,24.93862951987651,10.124593877042454,36.56902135035376,-3.396774100074784
Vol (p.a.),18.51789601823462,21.701543180502007,13.420071890630775,50.51629019743377,21.8433026155609
B&H Return,4.154240058556544,97.45803530398076,35.2395521461451,87.63556112819461,-8.157894736842106
Sharpe Ratio,0.06909233008546167,1.149163877999372,0.7544366348820337,0.7239055205247725,0.0
Max Drawdown,-25.092702588695115,-16.852860628331634,-14.116600302486015,-26.41109429767001,-31.03295513363622
Accuracy,100.0,100.0,100.0,100.0,0.0
Positions Taken,1,1,1,1,1
