Metric,XOM,HD,^SPX,BZ=F,ZC=F
Return,85.71661952513678,-55.223531141013815,-30.114251051578737,2.7644557551600903,168.1827554717648
Return (p.a.),23.12148888165979,-23.659896093423093,-11.342684368644774,1.3406661681872434,39.23906032004621
Vol (p.a.),23.054306237352897,13.980113188963173,11.19641858172643,37.66032947297603,31.49069493868568
B&H Return,4.154223348390909,97.45809421496138,35.2395521461451,87.63556112819461,-8.157894736842106
Sharpe Ratio,1.002914103925541,0.0,0.0,0.035598896423603164,1.2460525369937714
Max Drawdown,-23.974654999431742,-55.94283507427959,-34.79466734194704,-38.5306047160833,-24.47242350052563
Accuracy,71.68141592920354,40.54054054054054,53.333333333333336,53.535353535353536,60.51502145922747
Positions Taken,113,37,15,99,233
