Metric,XOM,HD,^SPX,BZ=F,ZC=F
Return,4.380845984830007,7.2296377105713185,-2.2772221679687354,39.75584801216231,34.713180349760904
Return (p.a.),1.4510609101009209,2.373083797752784,-0.7710056407433274,17.759145648782603,10.51567776601221
Vol (p.a.),16.032542973483494,3.496607351250274,4.162179446847632,40.64692837785619,17.53913537978621
B&H Return,4.154223348390909,97.45809421496138,35.2395521461451,87.63556112819461,-8.157894736842106
Sharpe Ratio,0.09050722100048983,0.6786818076396955,0.0,0.4369123660142917,0.5995550828652301
Max Drawdown,-20.912409125002153,-4.267916272479755,-7.711904136520554,-26.41387097973209,-17.89670184488368
Accuracy,44.11764705882353,57.14285714285714,50.0,58.18181818181818,54.601226993865026
Transactions,102,7,40,55,163
