Metric,XOM,HD,^SPX,BZ=F,ZC=F
Return,-0.18352420043945314,70.66724189758307,34.66107360839843,90.43604579925537,-9.4535
Return (p.a.),-0.061701741617348205,19.674730219614855,10.516045465805623,36.968809332851805,-3.277352378077869
Vol (p.a.),35.36498683161334,26.55673410797268,13.122290588922217,50.67212033538561,21.904954109839338
B&H Return,4.154223348390909,97.45809421496138,35.2395521461451,87.63556112819461,-8.157894736842106
Sharpe Ratio,0.0,0.7408565428121767,0.8013879432515558,0.7295690231268172,0.0
Max Drawdown,-46.85116347885132,-23.18923221588135,-13.951686997767865,-26.415785144930915,-31.064724135654398
Accuracy,0.0,100.0,100.0,100.0,0.0
Transactions,1,1,2,1,1
