Metric,XOM,HD,^SPX,BZ=F,ZC=F
Return,20.88296070742227,-52.97411988618277,-36.01262331433683,-68.8676438042471,36.382261749317095
Return (p.a.),6.579743248332237,-22.392229147086816,-13.930815775627014,-43.44137025605723,10.973263865290871
Vol (p.a.),19.508746246778458,14.873298140277907,10.489866011114604,20.937265706533218,25.213286798958407
B&H Return,4.154240058556544,97.45803530398076,35.2395521461451,87.63556112819461,-8.157894736842106
Sharpe Ratio,0.33727145584349233,0.0,0.0,0.0,0.43521750864088815
Max Drawdown,-22.184697336746908,-53.731224664103905,-38.11356464756489,-73.00387325494599,-31.329348493600683
Accuracy,55.154639175257735,47.368421052631575,35.80246913580247,42.857142857142854,53.37423312883436
Positions Taken,194,19,81,203,326
