Metric,XOM,HD,^SPX,BZ=F,ZC=F
Return,23.000412675996238,-34.170425204422514,-17.7346302496,6.6606460834032015,34.907904522254704
Return (p.a.),7.203411755678757,-13.106063391697475,-6.34888979826621,3.1992342217717518,10.569255683996737
Vol (p.a.),19.61006981507823,16.68843800412047,11.521051252458777,38.88279407756178,25.114389506334977
B&H Return,4.154223348390909,97.45809421496138,35.2395521461451,87.63556112819461,-8.157894736842106
Sharpe Ratio,0.36733228507631505,0.0,0.0,0.08227891790363759,0.4208446190312807
Max Drawdown,-18.084861265940923,-35.24298864886898,-31.516806490020834,-36.03567142596676,-28.265553460813354
Accuracy,50.505050505050505,49.2063492063492,61.40350877192983,53.5483870967742,52.04918032786885
Positions Taken,198,63,57,155,244
