Metric,XOM,HD,^SPX,BZ=F,ZC=F
Return,43.96905373001096,0.18559385681152343,1.0347763671875292,43.168181303761536,63.12462564193203
Return (p.a.),13.026019857391379,0.062321151217226145,0.34649721156863045,19.154674696177842,17.84508647898855
Vol (p.a.),10.439970344096897,3.1175471653885993,3.0438657195746925,40.78735942612697,17.64263842529935
B&H Return,4.154223348390909,97.45809421496138,35.2395521461451,87.63556112819461,-8.157894736842106
Sharpe Ratio,1.247706595714299,0.019990443740233798,0.11383459176282099,0.4696228185810926,1.011474930722317
Max Drawdown,-7.857761753322157,-3.290837215611564,-5.172553006116298,-26.41387097973209,-15.159656046261238
Accuracy,69.64285714285714,50.0,71.42857142857143,57.99999999999999,64.1025641025641
Positions Taken,56,18,7,50,117
