Metric,XOM,HD,^SPX,BZ=F,ZC=F
Return,76.16780602645868,-51.40647245025636,-30.698067749023377,2.7644557551600903,168.1827554717648
Return (p.a.),20.95708704407986,-21.53240326725624,-11.592230121270076,1.3406661681872434,39.23906032004621
Vol (p.a.),22.470267053500542,13.362767964338959,10.863036802637085,37.66032947297603,31.49069493868568
B&H Return,4.154223348390909,97.45809421496138,35.2395521461451,87.63556112819461,-8.157894736842106
Sharpe Ratio,0.9326585658364505,0.0,0.0,0.035598896423603164,1.2460525369937714
Max Drawdown,-23.97718222754467,-55.12844041195596,-34.70602325850426,-38.5306047160833,-24.47242350052563
Accuracy,71.42857142857143,41.66666666666667,57.14285714285714,53.535353535353536,60.51502145922747
Positions Taken,112,36,14,99,233
