Metric,XOM,HD,^SPX,BZ=F,ZC=F
Return,2.625589628701402,-55.310804794311466,-30.36975329589841,0.7120052459455831,88.4609342013531
Return (p.a.),0.8746181030467426,-23.70992333805846,-11.451724871139978,0.3470924076887538,23.694740870049834
Vol (p.a.),18.43181383414176,16.12029287755451,10.524830142275228,37.29236310624698,28.03329724115404
B&H Return,4.154223348390909,97.45809421496138,35.2395521461451,87.63556112819461,-8.157894736842106
Sharpe Ratio,0.04745154822617963,0.0,0.0,0.009307332085657267,0.845235602013486
Max Drawdown,-23.779457223035706,-59.08195999614663,-32.954595878677026,-34.24945031797002,-27.635231039435283
Accuracy,47.29064039408867,50.0,42.5,49.54128440366973,54.90797546012271
Positions Taken,203,14,80,109,326
