Metric,XOM,HD,^SPX,BZ=F,ZC=F
Return,2.6447991766764893,-50.93570091830001,-31.033506375189017,-6.984069520147288,112.73045121200053
Return (p.a.),0.8809619934881496,-21.277796606330458,-11.736241448033391,-3.47400661219579,28.826169596738403
Vol (p.a.),19.62169796624586,13.7654227850792,11.195494094742966,35.894226870685024,29.203652195719005
B&H Return,4.154240058556544,97.45803530398076,35.2395521461451,87.63556112819461,-8.157894736842106
Sharpe Ratio,0.044897337376389165,0.0,0.0,0.0,0.9870741304392079
Max Drawdown,-27.646323020245223,-51.813559069510305,-35.41289232618,-42.375897336626956,-24.57291273001616
Accuracy,55.55555555555556,38.46153846153847,53.333333333333336,53.535353535353536,58.798283261802574
Positions Taken,9,65,15,99,233
