Metric,XOM,HD,^SPX,BZ=F,ZC=F
Return,2.625589628701402,-59.774311763638956,-30.913608744505993,0.7120052459455831,88.4609342013531
Return (p.a.),0.8746181030467426,-26.3601033361879,-11.684713404526592,0.3470924076887538,23.694740870049834
Vol (p.a.),18.43181383414176,15.975041048406432,10.719459268136896,37.29236310624698,28.03329724115404
B&H Return,4.154223348390909,97.45809421496138,35.2395521461451,87.63556112819461,-8.157894736842106
Sharpe Ratio,0.04745154822617963,0.0,0.0,0.009307332085657267,0.845235602013486
Max Drawdown,-23.779457223035706,-60.42051045916048,-33.202463905348864,-34.24945031797002,-27.635231039435283
Accuracy,47.29064039408867,46.666666666666664,41.9753086419753,49.54128440366973,54.90797546012271
Positions Taken,203,15,81,109,326
