Metric,XOM,HD,^SPX,BZ=F,ZC=F
Return,4.383696465998583,7.228501220703154,-2.2772221679687354,39.74770094568543,34.70606140945199
Return (p.a.),1.451991780664641,2.372719230779996,-0.7710056407433274,17.75579303726744,10.513718030867135
Vol (p.a.),16.034065219064043,3.4969180247681244,4.162179446847632,40.64842615615888,17.54004749154095
B&H Return,4.154223348390909,97.45809421496138,35.2395521461451,87.63556112819461,-8.157894736842106
Sharpe Ratio,0.09055668421120455,0.6785172583327365,0.0,0.4368137887812702,0.5994121758186569
Max Drawdown,-20.912362886561763,-4.267916272479755,-7.711904136520554,-26.41387097973209,-17.89787203340534
Accuracy,44.11764705882353,57.14285714285714,50.0,58.18181818181818,54.601226993865026
Positions Taken,102,7,40,55,163
