Metric,XOM,HD,^SPX,BZ=F,ZC=F
Return,2.2956732263286566,-50.65916431461108,-22.31520662425724,69.42666387715103,-3.7818106761363044
Return (p.a.),0.7655410173737609,-21.128993273704644,-8.13440314278373,29.36842805133466,-1.2852833545377473
Vol (p.a.),19.06405022700049,15.483204142293443,10.650297111953739,48.00020768171109,22.406836438568046
B&H Return,4.154240058556544,97.45803530398076,35.2395521461451,87.63556112819461,-8.157894736842106
Sharpe Ratio,0.04015626313707053,0.0,0.0,0.6118396038216423,0.0
Max Drawdown,-25.982038049536648,-51.45353929182822,-33.718929670824274,-26.41109429767001,-51.14559595088579
Accuracy,49.152542372881356,48.64864864864865,53.65853658536586,58.333333333333336,45.909090909090914
Positions Taken,59,37,41,36,220
