Metric,XOM,HD,^SPX,BZ=F,ZC=F
Return,-23.873354961460176,70.94533562227426,15.00649024626962,18.438388657525845,-26.377050218510114
Return (p.a.),-8.757678203758768,19.74021614344219,4.809997245116038,8.615468863657272,-9.764809687744746
Vol (p.a.),16.654686443253276,20.772207822928525,12.691996848215862,40.64972692578579,20.500822247789145
B&H Return,4.154240058556544,97.45803530398076,35.2395521461451,87.63556112819461,-8.157894736842106
Sharpe Ratio,0.0,0.9503186330368207,0.3789787613910563,0.2119440772477152,0.0
Max Drawdown,-25.474194146904672,-19.283033707238985,-13.806779138777515,-39.27765082391882,-48.86016323600977
Accuracy,49.53703703703704,57.80346820809249,54.60526315789473,51.9774011299435,48.917748917748916
Positions Taken,216,173,152,177,231
