Metric,XOM,HD,^SPX,BZ=F,ZC=F
Return,-19.835674413168427,-64.45796752691557,-23.16957097021121,12.70910591737151,-0.3184656543044617
Return (p.a.),-7.159458653205919,-29.360210057305803,-8.475118596142938,6.016955373386401,-0.10697523934110054
Vol (p.a.),16.803159113229036,13.155218388543538,11.167947644338913,38.94212797652335,23.000468733737986
B&H Return,4.154240058556544,97.45803530398076,35.2395521461451,87.63556112819461,-8.157894736842106
Sharpe Ratio,0.0,0.0,0.0,0.15451018436932318,0.0
Max Drawdown,-28.074899591327362,-65.03018526185795,-34.3548182584811,-42.566092954721526,-31.116248605937425
Accuracy,44.80874316939891,42.857142857142854,53.84615384615385,50.4,57.07547169811321
Positions Taken,183,91,39,125,212
