Metric,XOM,HD,^SPX,BZ=F,ZC=F
Return,-15.694152127925975,-37.44915191009666,-13.431711122535486,33.9096977724208,28.916702642685543
Return (p.a.),-5.57474042755155,-14.584958543333137,-4.730789113357037,15.32712256917974,8.89665376843103
Vol (p.a.),17.331140786504033,15.073952040580904,11.511901365932541,42.84508278522212,25.13456671324426
B&H Return,4.154240058556544,97.45803530398076,35.2395521461451,87.63556112819461,-8.157894736842106
Sharpe Ratio,0.0,0.0,0.0,0.3577335267622889,0.35396089655856605
Max Drawdown,-26.992191964483524,-54.75298580977229,-22.851063604462286,-26.41109429767001,-32.55809382440117
Accuracy,51.73913043478261,46.56488549618321,44.927536231884055,55.45454545454545,57.41626794258373
Positions Taken,230,131,207,110,209
